customer_id,total_MB,amount_due
212723854226,6257.53,111.19554000000001
212751057358,6246.179999999999,123.3236
212671292561,5321.63,94.70934
212644711979,5077.11,107.54737999999999
212668155581,5008.879999999999,107.99535999999998
212784273480,4974.93,107.79846
212716822531,4951.7699999999995,107.28893999999998
212798226912,4831.96,103.55312
212680537706,4501.89,79.95402
212625963935,4157.42,99.68508999999999
