rate_plan_id,revenue_TTC
PLAN_C,782.2421447999997
PLAN_B,685.3404233999997
PLAN_A,519.8173139999997
