rate_plan_id,revenue_TTC
PLAN_A,3081.1403009999967
PLAN_B,2565.001824000001
PLAN_C,2262.1376364000002
