rate_plan_id,revenue_TTC
PLAN_B,408.23968859999997
PLAN_A,350.5249769999999
PLAN_C,259.8023064
