rate_plan_id,revenue_TTC
PLAN_B,6749.728188000002
PLAN_C,6028.8901824
PLAN_A,5698.888157999997
