customer_id,total_MB,amount_due
212787563541,3990.27,86.13593999999999
212798154200,3840.16,83.38351999999999
212640080317,3782.75,85.91550000000001
212668247928,3504.22,69.28439999999999
212748745761,3328.99,59.20182
212790285790,3289.5699999999997,76.27955
212769607537,3197.38,74.1833
212684990378,3149.4300000000003,51.59232
212720144950,3145.26,58.80005
212726384037,3052.67,52.7153
