customer_id,total_MB,amount_due
212631806169,2406.93,42.60474
212680922124,1990.3,35.465399999999995
212688851505,1977.95,39.159
212621765589,1976.19,42.92618
212619650291,1948.33,42.31325999999999
212654224724,1826.92,39.09224
212732185195,1804.48,35.6896
212691070768,1758.22,38.13084
212613659930,1605.47,49.33285
212635422090,1464.39,25.99902
