customer_id,total_MB,amount_due
212686283158,3898.84,69.45912
212716710980,2743.95,77.44819000000001
212689618112,2723.52,42.890910000000005
212752355921,2577.71,45.678779999999996
212726597241,1967.76,28.9164
212629175921,1964.19,34.995419999999996
212772058552,1956.71,38.7342
212753336088,1952.58,38.6516
212606291487,1888.11,33.62598
212668884253,1870.31,37.0062
